{
  "amb_col": [
    0.173721313476563,
    0.210296645760536,
    0.38671875
  ],
  "ambient": 1.0,
  "bg_col": [
    0.05450439453125,
    0.125544056296349,
    0.296875
  ],
  "brightness": 1.13,
  "cam_dist": 0.82,
  "cam_fov": 27.0,
  "cam_pitch": 6.5,
  "cam_tx": -0.0213922001421452,
  "cam_ty": 1.54819238185883,
  "cam_tz": -0.0412061847746372,
  "cam_yaw": -72.0,
  "cap_pan": 0.04,
  "catch": 0.18,
  "catch_col": [
    0.61029052734375,
    0.643585920333862,
    0.7734375
  ],
  "contrast": 1.28,
  "dof_blur": 0.0,
  "dof_focus": 1.95,
  "double_spec": false,
  "env_amb": 0.25,
  "exposure": 1.06,
  "eye_alive": true,
  "eye_clearcoat": 0.39,
  "eye_focus_abs": false,
  "eye_fx": -0.09,
  "eye_fy": 0.0449999999999999,
  "eye_fz": 0.69885516166687,
  "eye_look_cam": false,
  "eye_rough": 0.065,
  "eye_spec": 0.04,
  "fill": 6.4,
  "fill_col": [
    0.29937744140625,
    0.483439207077026,
    0.8515625
  ],
  "glow": 0.46,
  "hair_back_cut": 0.035,
  "hair_back_inset": 0.009,
  "hair_col": [
    0.32421875,
    0.308675587177277,
    0.286224365234375
  ],
  "hair_root": 0.55,
  "hair_rough": 0.31,
  "hair_spec": 0.19,
  "hair_thresh": 0.04,
  "iris_radius": 0.145,
  "iris_scale": 1.08,
  "key": 3.0,
  "key_col": [
    0.6337890625,
    0.799804627895355,
    0.921875
  ],
  "keyrect": 1.5,
  "keyrect_col": [
    0.022003173828125,
    0.163272500038147,
    0.40234375
  ],
  "micro": 0.69,
  "model_yaw": 272.0,
  "outfit_grow": 0.0065,
  "overlay": 0.0,
  "overlay_off_x": 0.0,
  "overlay_stretch_x": 0.994,
  "rim": 8.5,
  "rim_col": [
    0.4765625,
    0.379632353782654,
    0.195465087890625
  ],
  "saturation": 0.65,
  "scatter": 1.49,
  "sclera_tint": 1.1,
  "shadow_strength": 0.7,
  "skin_bright": 1.0,
  "skin_nrm": 0.55,
  "skin_rough": 0.7,
  "skin_smooth": 2.26,
  "skin_spec": 0.37,
  "skin_tint": [
    1.0,
    1.0,
    1.0
  ],
  "sss": 0.12,
  "sss_depth": 8.3,
  "view_pan": -0.13,
  "zoff": -0.175
}