{
  "amb_col": [
    0.173721313476563,
    0.210296645760536,
    0.38671875
  ],
  "ambient": 1.0,
  "bg_col": [
    0.05450439453125,
    0.125544056296349,
    0.296875
  ],
  "brightness": 1.13,
  "cam_dist": 0.82,
  "cam_fov": 27.0,
  "cam_pitch": 6.5,
  "cam_tx": -0.00246450142003596,
  "cam_ty": 1.5498218536377,
  "cam_tz": 0.0164465252310038,
  "cam_yaw": -72.0,
  "cap_pan": 0.04,
  "catch": 0.18,
  "catch_col": [
    0.547943115234375,
    0.590170085430145,
    0.7421875
  ],
  "contrast": 1.28,
  "dof_blur": 0.0,
  "dof_focus": 1.95,
  "double_spec": false,
  "env_amb": 0.25,
  "exposure": 1.06,
  "eye_alive": true,
  "eye_clearcoat": 0.39,
  "eye_focus_abs": false,
  "eye_fx": 0.655,
  "eye_fy": -0.37,
  "eye_fz": 5.0,
  "eye_rough": 0.065,
  "eye_spec": 0.04,
  "fill": 6.4,
  "fill_col": [
    0.7578125,
    0.651985168457031,
    0.595001220703125
  ],
  "glow": 0.45,
  "hair_back_cut": 0.035,
  "hair_back_inset": 0.009,
  "hair_col": [
    0.32421875,
    0.308675587177277,
    0.286224365234375
  ],
  "hair_root": 0.55,
  "hair_rough": 0.44,
  "hair_spec": 0.21,
  "hair_thresh": 0.04,
  "iris_radius": 0.145,
  "iris_scale": 1.08,
  "key": 3.0,
  "key_col": [
    0.64544677734375,
    0.780207931995392,
    0.87890625
  ],
  "keyrect": 1.5,
  "keyrect_col": [
    0.022003173828125,
    0.163272500038147,
    0.40234375
  ],
  "micro": 0.69,
  "model_yaw": 272.0,
  "overlay": 0.0,
  "overlay_off_x": 0.0,
  "overlay_stretch_x": 1.0,
  "rim": 8.5,
  "rim_col": [
    0.36328125,
    0.285116225481033,
    0.13623046875
  ],
  "saturation": 0.65,
  "scatter": 1.5,
  "sclera_tint": 1.1,
  "skin_nrm": 0.55,
  "skin_rough": 0.7,
  "skin_smooth": 2.26,
  "skin_spec": 0.37,
  "skin_tint": [
    1.0,
    1.0,
    1.0
  ],
  "sss": 0.13,
  "sss_depth": 8.3,
  "view_pan": -0.13,
  "zoff": -0.175
}