{
  "key": 3.0,
  "keyrect": 1.5,
  "fill": 6.3,
  "rim": 10.8,
  "ambient": 1.0,
  "env_amb": 0.25,
  "exposure": 1.06,
  "glow": 0.9,
  "catch": 0.18,
  "key_col": [
    0.170562744140625,
    0.401726245880127,
    0.94921875
  ],
  "keyrect_col": [
    0.022003173828125,
    0.163272500038147,
    0.40234375
  ],
  "fill_col": [
    0.5625,
    0.515636444091797,
    0.331787109375
  ],
  "rim_col": [
    0.6484375,
    0.419877529144287,
    0.063323974609375
  ],
  "amb_col": [
    0.118560791015625,
    0.173349127173424,
    0.43359375
  ],
  "catch_col": [
    0.2794189453125,
    0.373626708984375,
    0.65625
  ],
  "bg_col": [
    0.05450439453125,
    0.125544056296349,
    0.296875
  ],
  "sss": 0.36,
  "skin_smooth": 0.62,
  "skin_nrm": 1.95,
  "skin_rough": 0.59,
  "skin_spec": 0.28,
  "scatter": 0.94,
  "double_spec": false,
  "sss_depth": 6.9,
  "micro": 0.58,
  "skin_tint": [
    1.0,
    1.0,
    1.0
  ],
  "skin_bright": 1.38,
  "shadow_strength": 0.86,
  "outfit_grow": 0.0065,
  "body_shrink": 0.0,
  "hair_col": [
    0.2734375,
    0.152658313512802,
    0.0640869140625
  ],
  "hair_thresh": 0.315,
  "hair_root": 0.0,
  "hair_rough": 0.41,
  "hair_spec": 0.17,
  "hair_back_cut": 0.085,
  "hair_back_inset": 0.003,
  "sclera_tint": 0.7,
  "iris_scale": 2.07,
  "iris_radius": 0.185,
  "eye_rough": 0.15,
  "eye_spec": 0.35,
  "eye_clearcoat": 0.3,
  "saturation": 0.56,
  "brightness": 1.01,
  "contrast": 1.22,
  "model_yaw": 272.5,
  "overlay": 0.0,
  "zoff": -0.175,
  "view_pan": -0.18,
  "cap_pan": -0.176,
  "dof_focus": 1.95,
  "dof_blur": 0.0,
  "eye_fx": -0.09,
  "eye_fy": 0.0449999999999999,
  "eye_fz": 0.69885516166687,
  "eye_focus_abs": false,
  "eye_alive": false,
  "eye_look_cam": false,
  "overlay_stretch_x": 1.0,
  "overlay_off_x": 0.0,
  "cam_dist": 0.92,
  "cam_fov": 27.0,
  "cam_pitch": 6.5,
  "cam_tx": -0.00907298177480698,
  "cam_ty": 1.52088940143585,
  "cam_tz": 0.00677540246397257,
  "cam_yaw": -72.0
}